scenario	namespace	startingorder	action	backend	javaLeg
aci-ordinary	ACI	native	init	native	-
aci-ordinary	ACI	native	advance	purego	-
aci-ordinary	ACI	native	advance	native	-
aci-ordinary	ACI	native	advance	purego	-
aci-ordinary	ACI	native	init	native	setup
aci-ordinary	ACI	native	export-java	purego	reply
aci-ordinary	ACI	native	continue-java	java	reply
aci-ordinary	ACI	native	consume-java	native	reply
aci-ordinary	ACI	native	export-java	purego	fresh-initiation
aci-ordinary	ACI	native	continue-java	java	fresh-initiation
aci-ordinary	ACI	native	consume-java	native	fresh-initiation
aci-ordinary	ACI	purego	init	purego	-
aci-ordinary	ACI	purego	advance	native	-
aci-ordinary	ACI	purego	advance	purego	-
aci-ordinary	ACI	purego	advance	native	-
aci-ordinary	ACI	purego	init	purego	setup
aci-ordinary	ACI	purego	export-java	native	reply
aci-ordinary	ACI	purego	continue-java	java	reply
aci-ordinary	ACI	purego	consume-java	purego	reply
aci-ordinary	ACI	purego	export-java	native	fresh-initiation
aci-ordinary	ACI	purego	continue-java	java	fresh-initiation
aci-ordinary	ACI	purego	consume-java	purego	fresh-initiation
aci-last-resort	ACI	native	init	native	-
aci-last-resort	ACI	native	advance	purego	-
aci-last-resort	ACI	native	advance	native	-
aci-last-resort	ACI	native	advance	purego	-
aci-last-resort	ACI	native	init	native	setup
aci-last-resort	ACI	native	export-java	purego	reply
aci-last-resort	ACI	native	continue-java	java	reply
aci-last-resort	ACI	native	consume-java	native	reply
aci-last-resort	ACI	native	export-java	purego	fresh-initiation
aci-last-resort	ACI	native	continue-java	java	fresh-initiation
aci-last-resort	ACI	native	consume-java	native	fresh-initiation
aci-last-resort	ACI	purego	init	purego	-
aci-last-resort	ACI	purego	advance	native	-
aci-last-resort	ACI	purego	advance	purego	-
aci-last-resort	ACI	purego	advance	native	-
aci-last-resort	ACI	purego	init	purego	setup
aci-last-resort	ACI	purego	export-java	native	reply
aci-last-resort	ACI	purego	continue-java	java	reply
aci-last-resort	ACI	purego	consume-java	purego	reply
aci-last-resort	ACI	purego	export-java	native	fresh-initiation
aci-last-resort	ACI	purego	continue-java	java	fresh-initiation
aci-last-resort	ACI	purego	consume-java	purego	fresh-initiation
aci-current-skipped	ACI	native	init	native	-
aci-current-skipped	ACI	native	advance	purego	-
aci-current-skipped	ACI	native	advance	native	-
aci-current-skipped	ACI	native	advance	purego	-
aci-current-skipped	ACI	native	init	native	setup
aci-current-skipped	ACI	native	export-java	purego	reply
aci-current-skipped	ACI	native	continue-java	java	reply
aci-current-skipped	ACI	native	consume-java	native	reply
aci-current-skipped	ACI	native	export-java	purego	fresh-initiation
aci-current-skipped	ACI	native	continue-java	java	fresh-initiation
aci-current-skipped	ACI	native	consume-java	native	fresh-initiation
aci-current-skipped	ACI	purego	init	purego	-
aci-current-skipped	ACI	purego	advance	native	-
aci-current-skipped	ACI	purego	advance	purego	-
aci-current-skipped	ACI	purego	advance	native	-
aci-current-skipped	ACI	purego	init	purego	setup
aci-current-skipped	ACI	purego	export-java	native	reply
aci-current-skipped	ACI	purego	continue-java	java	reply
aci-current-skipped	ACI	purego	consume-java	purego	reply
aci-current-skipped	ACI	purego	export-java	native	fresh-initiation
aci-current-skipped	ACI	purego	continue-java	java	fresh-initiation
aci-current-skipped	ACI	purego	consume-java	purego	fresh-initiation
aci-archived-only	ACI	native	init	native	-
aci-archived-only	ACI	native	advance	purego	-
aci-archived-only	ACI	native	advance	native	-
aci-archived-only	ACI	native	advance	purego	-
aci-archived-only	ACI	native	init	native	setup
aci-archived-only	ACI	native	export-java	purego	reply
aci-archived-only	ACI	native	continue-java	java	reply
aci-archived-only	ACI	native	consume-java	native	reply
aci-archived-only	ACI	native	export-java	purego	fresh-initiation
aci-archived-only	ACI	native	continue-java	java	fresh-initiation
aci-archived-only	ACI	native	consume-java	native	fresh-initiation
aci-archived-only	ACI	purego	init	purego	-
aci-archived-only	ACI	purego	advance	native	-
aci-archived-only	ACI	purego	advance	purego	-
aci-archived-only	ACI	purego	advance	native	-
aci-archived-only	ACI	purego	init	purego	setup
aci-archived-only	ACI	purego	export-java	native	reply
aci-archived-only	ACI	purego	continue-java	java	reply
aci-archived-only	ACI	purego	consume-java	purego	reply
aci-archived-only	ACI	purego	export-java	native	fresh-initiation
aci-archived-only	ACI	purego	continue-java	java	fresh-initiation
aci-archived-only	ACI	purego	consume-java	purego	fresh-initiation
aci-archived-current	ACI	native	init	native	-
aci-archived-current	ACI	native	advance	purego	-
aci-archived-current	ACI	native	advance	native	-
aci-archived-current	ACI	native	advance	purego	-
aci-archived-current	ACI	native	init	native	setup
aci-archived-current	ACI	native	export-java	purego	reply
aci-archived-current	ACI	native	continue-java	java	reply
aci-archived-current	ACI	native	consume-java	native	reply
aci-archived-current	ACI	native	export-java	purego	fresh-initiation
aci-archived-current	ACI	native	continue-java	java	fresh-initiation
aci-archived-current	ACI	native	consume-java	native	fresh-initiation
aci-archived-current	ACI	purego	init	purego	-
aci-archived-current	ACI	purego	advance	native	-
aci-archived-current	ACI	purego	advance	purego	-
aci-archived-current	ACI	purego	advance	native	-
aci-archived-current	ACI	purego	init	purego	setup
aci-archived-current	ACI	purego	export-java	native	reply
aci-archived-current	ACI	purego	continue-java	java	reply
aci-archived-current	ACI	purego	consume-java	purego	reply
aci-archived-current	ACI	purego	export-java	native	fresh-initiation
aci-archived-current	ACI	purego	continue-java	java	fresh-initiation
aci-archived-current	ACI	purego	consume-java	purego	fresh-initiation
aci-group-skipped	ACI	native	init	native	-
aci-group-skipped	ACI	native	advance	purego	-
aci-group-skipped	ACI	native	advance	native	-
aci-group-skipped	ACI	native	advance	purego	-
aci-group-skipped	ACI	native	init	native	setup
aci-group-skipped	ACI	native	export-java	purego	distribution
aci-group-skipped	ACI	native	continue-java	java	distribution
aci-group-skipped	ACI	native	consume-java	native	distribution
aci-group-skipped	ACI	native	export-java	purego	group-message
aci-group-skipped	ACI	native	continue-java	java	group-message
aci-group-skipped	ACI	native	consume-java	native	group-message
aci-group-skipped	ACI	purego	init	purego	-
aci-group-skipped	ACI	purego	advance	native	-
aci-group-skipped	ACI	purego	advance	purego	-
aci-group-skipped	ACI	purego	advance	native	-
aci-group-skipped	ACI	purego	init	purego	setup
aci-group-skipped	ACI	purego	export-java	native	distribution
aci-group-skipped	ACI	purego	continue-java	java	distribution
aci-group-skipped	ACI	purego	consume-java	purego	distribution
aci-group-skipped	ACI	purego	export-java	native	group-message
aci-group-skipped	ACI	purego	continue-java	java	group-message
aci-group-skipped	ACI	purego	consume-java	purego	group-message
pni-ordinary	PNI	native	init	native	-
pni-ordinary	PNI	native	advance	purego	-
pni-ordinary	PNI	native	advance	native	-
pni-ordinary	PNI	native	advance	purego	-
pni-ordinary	PNI	native	init	native	setup
pni-ordinary	PNI	native	export-java	purego	reply
pni-ordinary	PNI	native	continue-java	java	reply
pni-ordinary	PNI	native	consume-java	native	reply
pni-ordinary	PNI	native	export-java	purego	fresh-initiation
pni-ordinary	PNI	native	continue-java	java	fresh-initiation
pni-ordinary	PNI	native	consume-java	native	fresh-initiation
pni-ordinary	PNI	purego	init	purego	-
pni-ordinary	PNI	purego	advance	native	-
pni-ordinary	PNI	purego	advance	purego	-
pni-ordinary	PNI	purego	advance	native	-
pni-ordinary	PNI	purego	init	purego	setup
pni-ordinary	PNI	purego	export-java	native	reply
pni-ordinary	PNI	purego	continue-java	java	reply
pni-ordinary	PNI	purego	consume-java	purego	reply
pni-ordinary	PNI	purego	export-java	native	fresh-initiation
pni-ordinary	PNI	purego	continue-java	java	fresh-initiation
pni-ordinary	PNI	purego	consume-java	purego	fresh-initiation
pni-last-resort	PNI	native	init	native	-
pni-last-resort	PNI	native	advance	purego	-
pni-last-resort	PNI	native	advance	native	-
pni-last-resort	PNI	native	advance	purego	-
pni-last-resort	PNI	native	init	native	setup
pni-last-resort	PNI	native	export-java	purego	reply
pni-last-resort	PNI	native	continue-java	java	reply
pni-last-resort	PNI	native	consume-java	native	reply
pni-last-resort	PNI	native	export-java	purego	fresh-initiation
pni-last-resort	PNI	native	continue-java	java	fresh-initiation
pni-last-resort	PNI	native	consume-java	native	fresh-initiation
pni-last-resort	PNI	purego	init	purego	-
pni-last-resort	PNI	purego	advance	native	-
pni-last-resort	PNI	purego	advance	purego	-
pni-last-resort	PNI	purego	advance	native	-
pni-last-resort	PNI	purego	init	purego	setup
pni-last-resort	PNI	purego	export-java	native	reply
pni-last-resort	PNI	purego	continue-java	java	reply
pni-last-resort	PNI	purego	consume-java	purego	reply
pni-last-resort	PNI	purego	export-java	native	fresh-initiation
pni-last-resort	PNI	purego	continue-java	java	fresh-initiation
pni-last-resort	PNI	purego	consume-java	purego	fresh-initiation
pni-current-skipped	PNI	native	init	native	-
pni-current-skipped	PNI	native	advance	purego	-
pni-current-skipped	PNI	native	advance	native	-
pni-current-skipped	PNI	native	advance	purego	-
pni-current-skipped	PNI	native	init	native	setup
pni-current-skipped	PNI	native	export-java	purego	reply
pni-current-skipped	PNI	native	continue-java	java	reply
pni-current-skipped	PNI	native	consume-java	native	reply
pni-current-skipped	PNI	native	export-java	purego	fresh-initiation
pni-current-skipped	PNI	native	continue-java	java	fresh-initiation
pni-current-skipped	PNI	native	consume-java	native	fresh-initiation
pni-current-skipped	PNI	purego	init	purego	-
pni-current-skipped	PNI	purego	advance	native	-
pni-current-skipped	PNI	purego	advance	purego	-
pni-current-skipped	PNI	purego	advance	native	-
pni-current-skipped	PNI	purego	init	purego	setup
pni-current-skipped	PNI	purego	export-java	native	reply
pni-current-skipped	PNI	purego	continue-java	java	reply
pni-current-skipped	PNI	purego	consume-java	purego	reply
pni-current-skipped	PNI	purego	export-java	native	fresh-initiation
pni-current-skipped	PNI	purego	continue-java	java	fresh-initiation
pni-current-skipped	PNI	purego	consume-java	purego	fresh-initiation
pni-archived-only	PNI	native	init	native	-
pni-archived-only	PNI	native	advance	purego	-
pni-archived-only	PNI	native	advance	native	-
pni-archived-only	PNI	native	advance	purego	-
pni-archived-only	PNI	native	init	native	setup
pni-archived-only	PNI	native	export-java	purego	reply
pni-archived-only	PNI	native	continue-java	java	reply
pni-archived-only	PNI	native	consume-java	native	reply
pni-archived-only	PNI	native	export-java	purego	fresh-initiation
pni-archived-only	PNI	native	continue-java	java	fresh-initiation
pni-archived-only	PNI	native	consume-java	native	fresh-initiation
pni-archived-only	PNI	purego	init	purego	-
pni-archived-only	PNI	purego	advance	native	-
pni-archived-only	PNI	purego	advance	purego	-
pni-archived-only	PNI	purego	advance	native	-
pni-archived-only	PNI	purego	init	purego	setup
pni-archived-only	PNI	purego	export-java	native	reply
pni-archived-only	PNI	purego	continue-java	java	reply
pni-archived-only	PNI	purego	consume-java	purego	reply
pni-archived-only	PNI	purego	export-java	native	fresh-initiation
pni-archived-only	PNI	purego	continue-java	java	fresh-initiation
pni-archived-only	PNI	purego	consume-java	purego	fresh-initiation
pni-archived-current	PNI	native	init	native	-
pni-archived-current	PNI	native	advance	purego	-
pni-archived-current	PNI	native	advance	native	-
pni-archived-current	PNI	native	advance	purego	-
pni-archived-current	PNI	native	init	native	setup
pni-archived-current	PNI	native	export-java	purego	reply
pni-archived-current	PNI	native	continue-java	java	reply
pni-archived-current	PNI	native	consume-java	native	reply
pni-archived-current	PNI	native	export-java	purego	fresh-initiation
pni-archived-current	PNI	native	continue-java	java	fresh-initiation
pni-archived-current	PNI	native	consume-java	native	fresh-initiation
pni-archived-current	PNI	purego	init	purego	-
pni-archived-current	PNI	purego	advance	native	-
pni-archived-current	PNI	purego	advance	purego	-
pni-archived-current	PNI	purego	advance	native	-
pni-archived-current	PNI	purego	init	purego	setup
pni-archived-current	PNI	purego	export-java	native	reply
pni-archived-current	PNI	purego	continue-java	java	reply
pni-archived-current	PNI	purego	consume-java	purego	reply
pni-archived-current	PNI	purego	export-java	native	fresh-initiation
pni-archived-current	PNI	purego	continue-java	java	fresh-initiation
pni-archived-current	PNI	purego	consume-java	purego	fresh-initiation
pni-group-skipped	PNI	native	init	native	-
pni-group-skipped	PNI	native	advance	purego	-
pni-group-skipped	PNI	native	advance	native	-
pni-group-skipped	PNI	native	advance	purego	-
pni-group-skipped	PNI	native	init	native	setup
pni-group-skipped	PNI	native	export-java	purego	distribution
pni-group-skipped	PNI	native	continue-java	java	distribution
pni-group-skipped	PNI	native	consume-java	native	distribution
pni-group-skipped	PNI	native	export-java	purego	group-message
pni-group-skipped	PNI	native	continue-java	java	group-message
pni-group-skipped	PNI	native	consume-java	native	group-message
pni-group-skipped	PNI	purego	init	purego	-
pni-group-skipped	PNI	purego	advance	native	-
pni-group-skipped	PNI	purego	advance	purego	-
pni-group-skipped	PNI	purego	advance	native	-
pni-group-skipped	PNI	purego	init	purego	setup
pni-group-skipped	PNI	purego	export-java	native	distribution
pni-group-skipped	PNI	purego	continue-java	java	distribution
pni-group-skipped	PNI	purego	consume-java	purego	distribution
pni-group-skipped	PNI	purego	export-java	native	group-message
pni-group-skipped	PNI	purego	continue-java	java	group-message
pni-group-skipped	PNI	purego	consume-java	purego	group-message
